Inital State,Search Objective,Path,Cost,Generated Nodes,Visited Nodes,Algorithm,Cost Function,Heuristic
"(6, 25)","(11, 22)","[(6, 25), (7, 25), (8, 25), (9, 25), (10, 25), (11, 25), (11, 24), (11, 23), (11, 22)]",80,264,124,BFS,c1,h1
"(6, 25)","(11, 22)","[(6, 25), (7, 25), (8, 25), (9, 25), (10, 25), (11, 25), (11, 24), (11, 23), (11, 22)]",105,264,124,BFS,c2,h1
"(6, 25)","(11, 22)","[(6, 25), (7, 25), (8, 25), (9, 25), (10, 25), (11, 25), (11, 24), (11, 23), (11, 22)]",90,264,124,BFS,c3,h1
"(6, 25)","(11, 22)","[(6, 25), (7, 25), (8, 25), (9, 25), (10, 25), (11, 25), (11, 24), (11, 23), (11, 22)]",90,264,124,BFS,c4,h1
"(28, 18)","(15, 16)","[(28, 18), (27, 18), (26, 18), (25, 18), (24, 18), (23, 18), (22, 18), (21, 18), (20, 18), (19, 18), (18, 18), (17, 18), (16, 18), (15, 18), (15, 17), (15, 16)]",150,568,277,BFS,c1,h1
"(28, 18)","(15, 16)","[(28, 18), (27, 18), (26, 18), (25, 18), (24, 18), (23, 18), (22, 18), (21, 18), (20, 18), (19, 18), (18, 18), (17, 18), (16, 18), (15, 18), (15, 17), (15, 16)]",215,568,277,BFS,c2,h1
"(28, 18)","(15, 16)","[(28, 18), (27, 18), (26, 18), (25, 18), (24, 18), (23, 18), (22, 18), (21, 18), (20, 18), (19, 18), (18, 18), (17, 18), (16, 18), (15, 18), (15, 17), (15, 16)]",178,568,277,BFS,c3,h1
"(28, 18)","(15, 16)","[(28, 18), (27, 18), (26, 18), (25, 18), (24, 18), (23, 18), (22, 18), (21, 18), (20, 18), (19, 18), (18, 18), (17, 18), (16, 18), (15, 18), (15, 17), (15, 16)]",136,568,277,BFS,c4,h1
"(2, 24)","(12, 0)","[(2, 24), (3, 24), (4, 24), (5, 24), (6, 24), (7, 24), (8, 24), (9, 24), (10, 24), (11, 24), (12, 24), (12, 23), (12, 22), (12, 21), (12, 20), (12, 19), (12, 18), (12, 17), (12, 16), (12, 15), (12, 14), (12, 13), (12, 12), (12, 11), (12, 10), (12, 9), (12, 8), (12, 7), (12, 6), (12, 5), (12, 4), (12, 3), (12, 2), (12, 1), (12, 0)]",340,1554,790,BFS,c1,h1
"(2, 24)","(12, 0)","[(2, 24), (3, 24), (4, 24), (5, 24), (6, 24), (7, 24), (8, 24), (9, 24), (10, 24), (11, 24), (12, 24), (12, 23), (12, 22), (12, 21), (12, 20), (12, 19), (12, 18), (12, 17), (12, 16), (12, 15), (12, 14), (12, 13), (12, 12), (12, 11), (12, 10), (12, 9), (12, 8), (12, 7), (12, 6), (12, 5), (12, 4), (12, 3), (12, 2), (12, 1), (12, 0)]",390,1554,790,BFS,c2,h1
"(2, 24)","(12, 0)","[(2, 24), (3, 24), (4, 24), (5, 24), (6, 24), (7, 24), (8, 24), (9, 24), (10, 24), (11, 24), (12, 24), (12, 23), (12, 22), (12, 21), (12, 20), (12, 19), (12, 18), (12, 17), (12, 16), (12, 15), (12, 14), (12, 13), (12, 12), (12, 11), (12, 10), (12, 9), (12, 8), (12, 7), (12, 6), (12, 5), (12, 4), (12, 3), (12, 2), (12, 1), (12, 0)]",365,1554,790,BFS,c3,h1
"(2, 24)","(12, 0)","[(2, 24), (3, 24), (4, 24), (5, 24), (6, 24), (7, 24), (8, 24), (9, 24), (10, 24), (11, 24), (12, 24), (12, 23), (12, 22), (12, 21), (12, 20), (12, 19), (12, 18), (12, 17), (12, 16), (12, 15), (12, 14), (12, 13), (12, 12), (12, 11), (12, 10), (12, 9), (12, 8), (12, 7), (12, 6), (12, 5), (12, 4), (12, 3), (12, 2), (12, 1), (12, 0)]",335,1554,790,BFS,c4,h1
"(11, 12)","(11, 24)","[(11, 12), (11, 13), (11, 14), (11, 15), (11, 16), (11, 17), (11, 18), (11, 19), (11, 20), (11, 21), (11, 22), (11, 23), (11, 24)]",120,667,312,BFS,c1,h1
"(11, 12)","(11, 24)","[(11, 12), (11, 13), (11, 14), (11, 15), (11, 16), (11, 17), (11, 18), (11, 19), (11, 20), (11, 21), (11, 22), (11, 23), (11, 24)]",120,667,312,BFS,c2,h1
"(11, 12)","(11, 24)","[(11, 12), (11, 13), (11, 14), (11, 15), (11, 16), (11, 17), (11, 18), (11, 19), (11, 20), (11, 21), (11, 22), (11, 23), (11, 24)]",120,667,312,BFS,c3,h1
"(11, 12)","(11, 24)","[(11, 12), (11, 13), (11, 14), (11, 15), (11, 16), (11, 17), (11, 18), (11, 19), (11, 20), (11, 21), (11, 22), (11, 23), (11, 24)]",120,667,312,BFS,c4,h1
"(24, 1)","(26, 16)","[(24, 1), (25, 1), (26, 1), (26, 2), (26, 3), (26, 4), (26, 5), (26, 6), (26, 7), (26, 8), (26, 9), (26, 10), (26, 11), (26, 12), (26, 13), (26, 14), (26, 15), (26, 16)]",170,563,279,BFS,c1,h1
"(24, 1)","(26, 16)","[(24, 1), (25, 1), (26, 1), (26, 2), (26, 3), (26, 4), (26, 5), (26, 6), (26, 7), (26, 8), (26, 9), (26, 10), (26, 11), (26, 12), (26, 13), (26, 14), (26, 15), (26, 16)]",180,563,279,BFS,c2,h1
"(24, 1)","(26, 16)","[(24, 1), (25, 1), (26, 1), (26, 2), (26, 3), (26, 4), (26, 5), (26, 6), (26, 7), (26, 8), (26, 9), (26, 10), (26, 11), (26, 12), (26, 13), (26, 14), (26, 15), (26, 16)]",177,563,279,BFS,c3,h1
"(24, 1)","(26, 16)","[(24, 1), (25, 1), (26, 1), (26, 2), (26, 3), (26, 4), (26, 5), (26, 6), (26, 7), (26, 8), (26, 9), (26, 10), (26, 11), (26, 12), (26, 13), (26, 14), (26, 15), (26, 16)]",177,563,279,BFS,c4,h1
"(2, 11)","(12, 30)","[(2, 11), (3, 11), (4, 11), (5, 11), (6, 11), (7, 11), (8, 11), (9, 11), (10, 11), (11, 11), (12, 11), (12, 12), (12, 13), (12, 14), (12, 15), (12, 16), (12, 17), (12, 18), (12, 19), (12, 20), (12, 21), (12, 22), (12, 23), (12, 24), (12, 25), (12, 26), (12, 27), (12, 28), (12, 29), (12, 30)]",290,1464,735,BFS,c1,h1
"(2, 11)","(12, 30)","[(2, 11), (3, 11), (4, 11), (5, 11), (6, 11), (7, 11), (8, 11), (9, 11), (10, 11), (11, 11), (12, 11), (12, 12), (12, 13), (12, 14), (12, 15), (12, 16), (12, 17), (12, 18), (12, 19), (12, 20), (12, 21), (12, 22), (12, 23), (12, 24), (12, 25), (12, 26), (12, 27), (12, 28), (12, 29), (12, 30)]",340,1464,735,BFS,c2,h1
"(2, 11)","(12, 30)","[(2, 11), (3, 11), (4, 11), (5, 11), (6, 11), (7, 11), (8, 11), (9, 11), (10, 11), (11, 11), (12, 11), (12, 12), (12, 13), (12, 14), (12, 15), (12, 16), (12, 17), (12, 18), (12, 19), (12, 20), (12, 21), (12, 22), (12, 23), (12, 24), (12, 25), (12, 26), (12, 27), (12, 28), (12, 29), (12, 30)]",315,1464,735,BFS,c3,h1
"(2, 11)","(12, 30)","[(2, 11), (3, 11), (4, 11), (5, 11), (6, 11), (7, 11), (8, 11), (9, 11), (10, 11), (11, 11), (12, 11), (12, 12), (12, 13), (12, 14), (12, 15), (12, 16), (12, 17), (12, 18), (12, 19), (12, 20), (12, 21), (12, 22), (12, 23), (12, 24), (12, 25), (12, 26), (12, 27), (12, 28), (12, 29), (12, 30)]",285,1464,735,BFS,c4,h1
"(1, 2)","(8, 14)","[(1, 2), (2, 2), (3, 2), (4, 2), (5, 2), (6, 2), (7, 2), (8, 2), (8, 3), (8, 4), (8, 5), (8, 6), (8, 7), (8, 8), (8, 9), (8, 10), (8, 11), (8, 12), (8, 13), (8, 14)]",190,523,261,BFS,c1,h1
"(1, 2)","(8, 14)","[(1, 2), (2, 2), (3, 2), (4, 2), (5, 2), (6, 2), (7, 2), (8, 2), (8, 3), (8, 4), (8, 5), (8, 6), (8, 7), (8, 8), (8, 9), (8, 10), (8, 11), (8, 12), (8, 13), (8, 14)]",225,523,261,BFS,c2,h1
"(1, 2)","(8, 14)","[(1, 2), (2, 2), (3, 2), (4, 2), (5, 2), (6, 2), (7, 2), (8, 2), (8, 3), (8, 4), (8, 5), (8, 6), (8, 7), (8, 8), (8, 9), (8, 10), (8, 11), (8, 12), (8, 13), (8, 14)]",203,523,261,BFS,c3,h1
"(1, 2)","(8, 14)","[(1, 2), (2, 2), (3, 2), (4, 2), (5, 2), (6, 2), (7, 2), (8, 2), (8, 3), (8, 4), (8, 5), (8, 6), (8, 7), (8, 8), (8, 9), (8, 10), (8, 11), (8, 12), (8, 13), (8, 14)]",197,523,261,BFS,c4,h1
"(22, 17)","(15, 7)","[(22, 17), (21, 17), (20, 17), (19, 17), (18, 17), (17, 17), (16, 17), (15, 17), (15, 16), (15, 15), (15, 14), (15, 13), (15, 12), (15, 11), (15, 10), (15, 9), (15, 8), (15, 7)]",170,1015,492,BFS,c1,h1
"(22, 17)","(15, 7)","[(22, 17), (21, 17), (20, 17), (19, 17), (18, 17), (17, 17), (16, 17), (15, 17), (15, 16), (15, 15), (15, 14), (15, 13), (15, 12), (15, 11), (15, 10), (15, 9), (15, 8), (15, 7)]",205,1015,492,BFS,c2,h1
"(22, 17)","(15, 7)","[(22, 17), (21, 17), (20, 17), (19, 17), (18, 17), (17, 17), (16, 17), (15, 17), (15, 16), (15, 15), (15, 14), (15, 13), (15, 12), (15, 11), (15, 10), (15, 9), (15, 8), (15, 7)]",183,1015,492,BFS,c3,h1
"(22, 17)","(15, 7)","[(22, 17), (21, 17), (20, 17), (19, 17), (18, 17), (17, 17), (16, 17), (15, 17), (15, 16), (15, 15), (15, 14), (15, 13), (15, 12), (15, 11), (15, 10), (15, 9), (15, 8), (15, 7)]",177,1015,492,BFS,c4,h1
"(20, 12)","(3, 13)","[(20, 12), (19, 12), (18, 12), (17, 12), (16, 12), (15, 12), (14, 12), (13, 12), (12, 12), (11, 12), (10, 12), (9, 12), (8, 12), (7, 12), (6, 12), (5, 12), (4, 12), (3, 12), (3, 13)]",180,1116,542,BFS,c1,h1
"(20, 12)","(3, 13)","[(20, 12), (19, 12), (18, 12), (17, 12), (16, 12), (15, 12), (14, 12), (13, 12), (12, 12), (11, 12), (10, 12), (9, 12), (8, 12), (7, 12), (6, 12), (5, 12), (4, 12), (3, 12), (3, 13)]",265,1116,542,BFS,c2,h1
"(20, 12)","(3, 13)","[(20, 12), (19, 12), (18, 12), (17, 12), (16, 12), (15, 12), (14, 12), (13, 12), (12, 12), (11, 12), (10, 12), (9, 12), (8, 12), (7, 12), (6, 12), (5, 12), (4, 12), (3, 12), (3, 13)]",220,1116,542,BFS,c3,h1
"(20, 12)","(3, 13)","[(20, 12), (19, 12), (18, 12), (17, 12), (16, 12), (15, 12), (14, 12), (13, 12), (12, 12), (11, 12), (10, 12), (9, 12), (8, 12), (7, 12), (6, 12), (5, 12), (4, 12), (3, 12), (3, 13)]",168,1116,542,BFS,c4,h1
"(27, 29)","(29, 2)","[(27, 29), (28, 29), (29, 29), (29, 28), (29, 27), (29, 26), (29, 25), (29, 24), (29, 23), (29, 22), (29, 21), (29, 20), (29, 19), (29, 18), (29, 17), (29, 16), (29, 15), (29, 14), (29, 13), (29, 12), (29, 11), (29, 10), (29, 9), (29, 8), (29, 7), (29, 6), (29, 5), (29, 4), (29, 3), (29, 2)]",290,1147,575,BFS,c1,h1
"(27, 29)","(29, 2)","[(27, 29), (28, 29), (29, 29), (29, 28), (29, 27), (29, 26), (29, 25), (29, 24), (29, 23), (29, 22), (29, 21), (29, 20), (29, 19), (29, 18), (29, 17), (29, 16), (29, 15), (29, 14), (29, 13), (29, 12), (29, 11), (29, 10), (29, 9), (29, 8), (29, 7), (29, 6), (29, 5), (29, 4), (29, 3), (29, 2)]",300,1147,575,BFS,c2,h1
"(27, 29)","(29, 2)","[(27, 29), (28, 29), (29, 29), (29, 28), (29, 27), (29, 26), (29, 25), (29, 24), (29, 23), (29, 22), (29, 21), (29, 20), (29, 19), (29, 18), (29, 17), (29, 16), (29, 15), (29, 14), (29, 13), (29, 12), (29, 11), (29, 10), (29, 9), (29, 8), (29, 7), (29, 6), (29, 5), (29, 4), (29, 3), (29, 2)]",297,1147,575,BFS,c3,h1
"(27, 29)","(29, 2)","[(27, 29), (28, 29), (29, 29), (29, 28), (29, 27), (29, 26), (29, 25), (29, 24), (29, 23), (29, 22), (29, 21), (29, 20), (29, 19), (29, 18), (29, 17), (29, 16), (29, 15), (29, 14), (29, 13), (29, 12), (29, 11), (29, 10), (29, 9), (29, 8), (29, 7), (29, 6), (29, 5), (29, 4), (29, 3), (29, 2)]",297,1147,575,BFS,c4,h1
"(0, 14)","(24, 20)","[(0, 14), (1, 14), (2, 14), (3, 14), (4, 14), (5, 14), (6, 14), (7, 14), (8, 14), (9, 14), (10, 14), (11, 14), (12, 14), (13, 14), (14, 14), (15, 14), (16, 14), (17, 14), (18, 14), (19, 14), (20, 14), (21, 14), (22, 14), (23, 14), (24, 14), (24, 15), (24, 16), (24, 17), (24, 18), (24, 19), (24, 20)]",300,1403,702,BFS,c1,h1
"(0, 14)","(24, 20)","[(0, 14), (1, 14), (2, 14), (3, 14), (4, 14), (5, 14), (6, 14), (7, 14), (8, 14), (9, 14), (10, 14), (11, 14), (12, 14), (13, 14), (14, 14), (15, 14), (16, 14), (17, 14), (18, 14), (19, 14), (20, 14), (21, 14), (22, 14), (23, 14), (24, 14), (24, 15), (24, 16), (24, 17), (24, 18), (24, 19), (24, 20)]",420,1403,702,BFS,c2,h1
"(0, 14)","(24, 20)","[(0, 14), (1, 14), (2, 14), (3, 14), (4, 14), (5, 14), (6, 14), (7, 14), (8, 14), (9, 14), (10, 14), (11, 14), (12, 14), (13, 14), (14, 14), (15, 14), (16, 14), (17, 14), (18, 14), (19, 14), (20, 14), (21, 14), (22, 14), (23, 14), (24, 14), (24, 15), (24, 16), (24, 17), (24, 18), (24, 19), (24, 20)]",356,1403,702,BFS,c3,h1
"(0, 14)","(24, 20)","[(0, 14), (1, 14), (2, 14), (3, 14), (4, 14), (5, 14), (6, 14), (7, 14), (8, 14), (9, 14), (10, 14), (11, 14), (12, 14), (13, 14), (14, 14), (15, 14), (16, 14), (17, 14), (18, 14), (19, 14), (20, 14), (21, 14), (22, 14), (23, 14), (24, 14), (24, 15), (24, 16), (24, 17), (24, 18), (24, 19), (24, 20)]",286,1403,702,BFS,c4,h1
"(23, 17)","(19, 26)","[(23, 17), (22, 17), (21, 17), (20, 17), (19, 17), (19, 18), (19, 19), (19, 20), (19, 21), (19, 22), (19, 23), (19, 24), (19, 25), (19, 26)]",130,648,307,BFS,c1,h1
"(23, 17)","(19, 26)","[(23, 17), (22, 17), (21, 17), (20, 17), (19, 17), (19, 18), (19, 19), (19, 20), (19, 21), (19, 22), (19, 23), (19, 24), (19, 25), (19, 26)]",150,648,307,BFS,c2,h1
"(23, 17)","(19, 26)","[(23, 17), (22, 17), (21, 17), (20, 17), (19, 17), (19, 18), (19, 19), (19, 20), (19, 21), (19, 22), (19, 23), (19, 24), (19, 25), (19, 26)]",140,648,307,BFS,c3,h1
"(23, 17)","(19, 26)","[(23, 17), (22, 17), (21, 17), (20, 17), (19, 17), (19, 18), (19, 19), (19, 20), (19, 21), (19, 22), (19, 23), (19, 24), (19, 25), (19, 26)]",140,648,307,BFS,c4,h1
"(16, 27)","(29, 25)","[(16, 27), (17, 27), (18, 27), (19, 27), (20, 27), (21, 27), (22, 27), (23, 27), (24, 27), (25, 27), (26, 27), (27, 27), (28, 27), (29, 27), (29, 26), (29, 25)]",150,662,321,BFS,c1,h1
"(16, 27)","(29, 25)","[(16, 27), (17, 27), (18, 27), (19, 27), (20, 27), (21, 27), (22, 27), (23, 27), (24, 27), (25, 27), (26, 27), (27, 27), (28, 27), (29, 27), (29, 26), (29, 25)]",215,662,321,BFS,c2,h1
"(16, 27)","(29, 25)","[(16, 27), (17, 27), (18, 27), (19, 27), (20, 27), (21, 27), (22, 27), (23, 27), (24, 27), (25, 27), (26, 27), (27, 27), (28, 27), (29, 27), (29, 26), (29, 25)]",178,662,321,BFS,c3,h1
"(16, 27)","(29, 25)","[(16, 27), (17, 27), (18, 27), (19, 27), (20, 27), (21, 27), (22, 27), (23, 27), (24, 27), (25, 27), (26, 27), (27, 27), (28, 27), (29, 27), (29, 26), (29, 25)]",136,662,321,BFS,c4,h1
"(28, 21)","(11, 9)","[(28, 21), (27, 21), (26, 21), (25, 21), (24, 21), (23, 21), (22, 21), (21, 21), (20, 21), (19, 21), (18, 21), (17, 21), (16, 21), (15, 21), (14, 21), (13, 21), (12, 21), (11, 21), (11, 20), (11, 19), (11, 18), (11, 17), (11, 16), (11, 15), (11, 14), (11, 13), (11, 12), (11, 11), (11, 10), (11, 9)]",290,1406,706,BFS,c1,h1
"(28, 21)","(11, 9)","[(28, 21), (27, 21), (26, 21), (25, 21), (24, 21), (23, 21), (22, 21), (21, 21), (20, 21), (19, 21), (18, 21), (17, 21), (16, 21), (15, 21), (14, 21), (13, 21), (12, 21), (11, 21), (11, 20), (11, 19), (11, 18), (11, 17), (11, 16), (11, 15), (11, 14), (11, 13), (11, 12), (11, 11), (11, 10), (11, 9)]",375,1406,706,BFS,c2,h1
"(28, 21)","(11, 9)","[(28, 21), (27, 21), (26, 21), (25, 21), (24, 21), (23, 21), (22, 21), (21, 21), (20, 21), (19, 21), (18, 21), (17, 21), (16, 21), (15, 21), (14, 21), (13, 21), (12, 21), (11, 21), (11, 20), (11, 19), (11, 18), (11, 17), (11, 16), (11, 15), (11, 14), (11, 13), (11, 12), (11, 11), (11, 10), (11, 9)]",330,1406,706,BFS,c3,h1
"(28, 21)","(11, 9)","[(28, 21), (27, 21), (26, 21), (25, 21), (24, 21), (23, 21), (22, 21), (21, 21), (20, 21), (19, 21), (18, 21), (17, 21), (16, 21), (15, 21), (14, 21), (13, 21), (12, 21), (11, 21), (11, 20), (11, 19), (11, 18), (11, 17), (11, 16), (11, 15), (11, 14), (11, 13), (11, 12), (11, 11), (11, 10), (11, 9)]",278,1406,706,BFS,c4,h1
"(17, 9)","(7, 29)","[(17, 9), (16, 9), (15, 9), (14, 9), (13, 9), (12, 9), (11, 9), (10, 9), (9, 9), (8, 9), (7, 9), (7, 10), (7, 11), (7, 12), (7, 13), (7, 14), (7, 15), (7, 16), (7, 17), (7, 18), (7, 19), (7, 20), (7, 21), (7, 22), (7, 23), (7, 24), (7, 25), (7, 26), (7, 27), (7, 28), (7, 29)]",300,1782,909,BFS,c1,h1
"(17, 9)","(7, 29)","[(17, 9), (16, 9), (15, 9), (14, 9), (13, 9), (12, 9), (11, 9), (10, 9), (9, 9), (8, 9), (7, 9), (7, 10), (7, 11), (7, 12), (7, 13), (7, 14), (7, 15), (7, 16), (7, 17), (7, 18), (7, 19), (7, 20), (7, 21), (7, 22), (7, 23), (7, 24), (7, 25), (7, 26), (7, 27), (7, 28), (7, 29)]",350,1782,909,BFS,c2,h1
"(17, 9)","(7, 29)","[(17, 9), (16, 9), (15, 9), (14, 9), (13, 9), (12, 9), (11, 9), (10, 9), (9, 9), (8, 9), (7, 9), (7, 10), (7, 11), (7, 12), (7, 13), (7, 14), (7, 15), (7, 16), (7, 17), (7, 18), (7, 19), (7, 20), (7, 21), (7, 22), (7, 23), (7, 24), (7, 25), (7, 26), (7, 27), (7, 28), (7, 29)]",325,1782,909,BFS,c3,h1
"(17, 9)","(7, 29)","[(17, 9), (16, 9), (15, 9), (14, 9), (13, 9), (12, 9), (11, 9), (10, 9), (9, 9), (8, 9), (7, 9), (7, 10), (7, 11), (7, 12), (7, 13), (7, 14), (7, 15), (7, 16), (7, 17), (7, 18), (7, 19), (7, 20), (7, 21), (7, 22), (7, 23), (7, 24), (7, 25), (7, 26), (7, 27), (7, 28), (7, 29)]",295,1782,909,BFS,c4,h1
"(18, 29)","(14, 19)","[(18, 29), (17, 29), (16, 29), (15, 29), (14, 29), (14, 28), (14, 27), (14, 26), (14, 25), (14, 24), (14, 23), (14, 22), (14, 21), (14, 20), (14, 19)]",140,476,232,BFS,c1,h1
"(18, 29)","(14, 19)","[(18, 29), (17, 29), (16, 29), (15, 29), (14, 29), (14, 28), (14, 27), (14, 26), (14, 25), (14, 24), (14, 23), (14, 22), (14, 21), (14, 20), (14, 19)]",160,476,232,BFS,c2,h1
"(18, 29)","(14, 19)","[(18, 29), (17, 29), (16, 29), (15, 29), (14, 29), (14, 28), (14, 27), (14, 26), (14, 25), (14, 24), (14, 23), (14, 22), (14, 21), (14, 20), (14, 19)]",150,476,232,BFS,c3,h1
"(18, 29)","(14, 19)","[(18, 29), (17, 29), (16, 29), (15, 29), (14, 29), (14, 28), (14, 27), (14, 26), (14, 25), (14, 24), (14, 23), (14, 22), (14, 21), (14, 20), (14, 19)]",150,476,232,BFS,c4,h1
"(29, 6)","(12, 20)","[(29, 6), (28, 6), (27, 6), (26, 6), (25, 6), (24, 6), (23, 6), (22, 6), (21, 6), (20, 6), (19, 6), (18, 6), (17, 6), (16, 6), (15, 6), (14, 6), (13, 6), (12, 6), (12, 7), (12, 8), (12, 9), (12, 10), (12, 11), (12, 12), (12, 13), (12, 14), (12, 15), (12, 16), (12, 17), (12, 18), (12, 19), (12, 20)]",310,1366,688,BFS,c1,h1
"(29, 6)","(12, 20)","[(29, 6), (28, 6), (27, 6), (26, 6), (25, 6), (24, 6), (23, 6), (22, 6), (21, 6), (20, 6), (19, 6), (18, 6), (17, 6), (16, 6), (15, 6), (14, 6), (13, 6), (12, 6), (12, 7), (12, 8), (12, 9), (12, 10), (12, 11), (12, 12), (12, 13), (12, 14), (12, 15), (12, 16), (12, 17), (12, 18), (12, 19), (12, 20)]",395,1366,688,BFS,c2,h1
"(29, 6)","(12, 20)","[(29, 6), (28, 6), (27, 6), (26, 6), (25, 6), (24, 6), (23, 6), (22, 6), (21, 6), (20, 6), (19, 6), (18, 6), (17, 6), (16, 6), (15, 6), (14, 6), (13, 6), (12, 6), (12, 7), (12, 8), (12, 9), (12, 10), (12, 11), (12, 12), (12, 13), (12, 14), (12, 15), (12, 16), (12, 17), (12, 18), (12, 19), (12, 20)]",350,1366,688,BFS,c3,h1
"(29, 6)","(12, 20)","[(29, 6), (28, 6), (27, 6), (26, 6), (25, 6), (24, 6), (23, 6), (22, 6), (21, 6), (20, 6), (19, 6), (18, 6), (17, 6), (16, 6), (15, 6), (14, 6), (13, 6), (12, 6), (12, 7), (12, 8), (12, 9), (12, 10), (12, 11), (12, 12), (12, 13), (12, 14), (12, 15), (12, 16), (12, 17), (12, 18), (12, 19), (12, 20)]",298,1366,688,BFS,c4,h1
"(1, 11)","(24, 1)","[(1, 11), (2, 11), (3, 11), (4, 11), (5, 11), (6, 11), (7, 11), (8, 11), (9, 11), (10, 11), (11, 11), (12, 11), (13, 11), (14, 11), (15, 11), (16, 11), (17, 11), (18, 11), (19, 11), (20, 11), (21, 11), (22, 11), (23, 11), (24, 11), (24, 10), (24, 9), (24, 8), (24, 7), (24, 6), (24, 5), (24, 4), (24, 3), (24, 2), (24, 1)]",330,1587,802,BFS,c1,h1
"(1, 11)","(24, 1)","[(1, 11), (2, 11), (3, 11), (4, 11), (5, 11), (6, 11), (7, 11), (8, 11), (9, 11), (10, 11), (11, 11), (12, 11), (13, 11), (14, 11), (15, 11), (16, 11), (17, 11), (18, 11), (19, 11), (20, 11), (21, 11), (22, 11), (23, 11), (24, 11), (24, 10), (24, 9), (24, 8), (24, 7), (24, 6), (24, 5), (24, 4), (24, 3), (24, 2), (24, 1)]",445,1587,802,BFS,c2,h1
"(1, 11)","(24, 1)","[(1, 11), (2, 11), (3, 11), (4, 11), (5, 11), (6, 11), (7, 11), (8, 11), (9, 11), (10, 11), (11, 11), (12, 11), (13, 11), (14, 11), (15, 11), (16, 11), (17, 11), (18, 11), (19, 11), (20, 11), (21, 11), (22, 11), (23, 11), (24, 11), (24, 10), (24, 9), (24, 8), (24, 7), (24, 6), (24, 5), (24, 4), (24, 3), (24, 2), (24, 1)]",385,1587,802,BFS,c3,h1
"(1, 11)","(24, 1)","[(1, 11), (2, 11), (3, 11), (4, 11), (5, 11), (6, 11), (7, 11), (8, 11), (9, 11), (10, 11), (11, 11), (12, 11), (13, 11), (14, 11), (15, 11), (16, 11), (17, 11), (18, 11), (19, 11), (20, 11), (21, 11), (22, 11), (23, 11), (24, 11), (24, 10), (24, 9), (24, 8), (24, 7), (24, 6), (24, 5), (24, 4), (24, 3), (24, 2), (24, 1)]",318,1587,802,BFS,c4,h1
"(19, 5)","(12, 23)","[(19, 5), (18, 5), (17, 5), (16, 5), (15, 5), (14, 5), (13, 5), (12, 5), (12, 6), (12, 7), (12, 8), (12, 9), (12, 10), (12, 11), (12, 12), (12, 13), (12, 14), (12, 15), (12, 16), (12, 17), (12, 18), (12, 19), (12, 20), (12, 21), (12, 22), (12, 23)]",250,1372,687,BFS,c1,h1
"(19, 5)","(12, 23)","[(19, 5), (18, 5), (17, 5), (16, 5), (15, 5), (14, 5), (13, 5), (12, 5), (12, 6), (12, 7), (12, 8), (12, 9), (12, 10), (12, 11), (12, 12), (12, 13), (12, 14), (12, 15), (12, 16), (12, 17), (12, 18), (12, 19), (12, 20), (12, 21), (12, 22), (12, 23)]",285,1372,687,BFS,c2,h1
"(19, 5)","(12, 23)","[(19, 5), (18, 5), (17, 5), (16, 5), (15, 5), (14, 5), (13, 5), (12, 5), (12, 6), (12, 7), (12, 8), (12, 9), (12, 10), (12, 11), (12, 12), (12, 13), (12, 14), (12, 15), (12, 16), (12, 17), (12, 18), (12, 19), (12, 20), (12, 21), (12, 22), (12, 23)]",263,1372,687,BFS,c3,h1
"(19, 5)","(12, 23)","[(19, 5), (18, 5), (17, 5), (16, 5), (15, 5), (14, 5), (13, 5), (12, 5), (12, 6), (12, 7), (12, 8), (12, 9), (12, 10), (12, 11), (12, 12), (12, 13), (12, 14), (12, 15), (12, 16), (12, 17), (12, 18), (12, 19), (12, 20), (12, 21), (12, 22), (12, 23)]",257,1372,687,BFS,c4,h1
"(22, 18)","(26, 14)","[(22, 18), (23, 18), (24, 18), (25, 18), (26, 18), (26, 17), (26, 16), (26, 15), (26, 14)]",80,302,136,BFS,c1,h1
"(22, 18)","(26, 14)","[(22, 18), (23, 18), (24, 18), (25, 18), (26, 18), (26, 17), (26, 16), (26, 15), (26, 14)]",100,302,136,BFS,c2,h1
"(22, 18)","(26, 14)","[(22, 18), (23, 18), (24, 18), (25, 18), (26, 18), (26, 17), (26, 16), (26, 15), (26, 14)]",90,302,136,BFS,c3,h1
"(22, 18)","(26, 14)","[(22, 18), (23, 18), (24, 18), (25, 18), (26, 18), (26, 17), (26, 16), (26, 15), (26, 14)]",90,302,136,BFS,c4,h1
"(26, 21)","(30, 20)","[(26, 21), (27, 21), (28, 21), (29, 21), (30, 21), (30, 20)]",50,119,51,BFS,c1,h1
"(26, 21)","(30, 20)","[(26, 21), (27, 21), (28, 21), (29, 21), (30, 21), (30, 20)]",70,119,51,BFS,c2,h1
"(26, 21)","(30, 20)","[(26, 21), (27, 21), (28, 21), (29, 21), (30, 21), (30, 20)]",60,119,51,BFS,c3,h1
"(26, 21)","(30, 20)","[(26, 21), (27, 21), (28, 21), (29, 21), (30, 21), (30, 20)]",60,119,51,BFS,c4,h1
"(14, 30)","(8, 3)","[(14, 30), (13, 30), (12, 30), (11, 30), (10, 30), (9, 30), (8, 30), (8, 29), (8, 28), (8, 27), (8, 26), (8, 25), (8, 24), (8, 23), (8, 22), (8, 21), (8, 20), (8, 19), (8, 18), (8, 17), (8, 16), (8, 15), (8, 14), (8, 13), (8, 12), (8, 11), (8, 10), (8, 9), (8, 8), (8, 7), (8, 6), (8, 5), (8, 4), (8, 3)]",330,1562,787,BFS,c1,h1
"(14, 30)","(8, 3)","[(14, 30), (13, 30), (12, 30), (11, 30), (10, 30), (9, 30), (8, 30), (8, 29), (8, 28), (8, 27), (8, 26), (8, 25), (8, 24), (8, 23), (8, 22), (8, 21), (8, 20), (8, 19), (8, 18), (8, 17), (8, 16), (8, 15), (8, 14), (8, 13), (8, 12), (8, 11), (8, 10), (8, 9), (8, 8), (8, 7), (8, 6), (8, 5), (8, 4), (8, 3)]",360,1562,787,BFS,c2,h1
"(14, 30)","(8, 3)","[(14, 30), (13, 30), (12, 30), (11, 30), (10, 30), (9, 30), (8, 30), (8, 29), (8, 28), (8, 27), (8, 26), (8, 25), (8, 24), (8, 23), (8, 22), (8, 21), (8, 20), (8, 19), (8, 18), (8, 17), (8, 16), (8, 15), (8, 14), (8, 13), (8, 12), (8, 11), (8, 10), (8, 9), (8, 8), (8, 7), (8, 6), (8, 5), (8, 4), (8, 3)]",341,1562,787,BFS,c3,h1
"(14, 30)","(8, 3)","[(14, 30), (13, 30), (12, 30), (11, 30), (10, 30), (9, 30), (8, 30), (8, 29), (8, 28), (8, 27), (8, 26), (8, 25), (8, 24), (8, 23), (8, 22), (8, 21), (8, 20), (8, 19), (8, 18), (8, 17), (8, 16), (8, 15), (8, 14), (8, 13), (8, 12), (8, 11), (8, 10), (8, 9), (8, 8), (8, 7), (8, 6), (8, 5), (8, 4), (8, 3)]",339,1562,787,BFS,c4,h1
"(10, 25)","(26, 11)","[(10, 25), (11, 25), (12, 25), (13, 25), (14, 25), (15, 25), (16, 25), (17, 25), (18, 25), (19, 25), (20, 25), (21, 25), (22, 25), (23, 25), (24, 25), (25, 25), (26, 25), (26, 24), (26, 23), (26, 22), (26, 21), (26, 20), (26, 19), (26, 18), (26, 17), (26, 16), (26, 15), (26, 14), (26, 13), (26, 12), (26, 11)]",300,1608,815,BFS,c1,h1
"(10, 25)","(26, 11)","[(10, 25), (11, 25), (12, 25), (13, 25), (14, 25), (15, 25), (16, 25), (17, 25), (18, 25), (19, 25), (20, 25), (21, 25), (22, 25), (23, 25), (24, 25), (25, 25), (26, 25), (26, 24), (26, 23), (26, 22), (26, 21), (26, 20), (26, 19), (26, 18), (26, 17), (26, 16), (26, 15), (26, 14), (26, 13), (26, 12), (26, 11)]",380,1608,815,BFS,c2,h1
"(10, 25)","(26, 11)","[(10, 25), (11, 25), (12, 25), (13, 25), (14, 25), (15, 25), (16, 25), (17, 25), (18, 25), (19, 25), (20, 25), (21, 25), (22, 25), (23, 25), (24, 25), (25, 25), (26, 25), (26, 24), (26, 23), (26, 22), (26, 21), (26, 20), (26, 19), (26, 18), (26, 17), (26, 16), (26, 15), (26, 14), (26, 13), (26, 12), (26, 11)]",340,1608,815,BFS,c3,h1
"(10, 25)","(26, 11)","[(10, 25), (11, 25), (12, 25), (13, 25), (14, 25), (15, 25), (16, 25), (17, 25), (18, 25), (19, 25), (20, 25), (21, 25), (22, 25), (23, 25), (24, 25), (25, 25), (26, 25), (26, 24), (26, 23), (26, 22), (26, 21), (26, 20), (26, 19), (26, 18), (26, 17), (26, 16), (26, 15), (26, 14), (26, 13), (26, 12), (26, 11)]",286,1608,815,BFS,c4,h1
"(10, 14)","(12, 17)","[(10, 14), (11, 14), (12, 14), (12, 15), (12, 16), (12, 17)]",50,133,57,BFS,c1,h1
"(10, 14)","(12, 17)","[(10, 14), (11, 14), (12, 14), (12, 15), (12, 16), (12, 17)]",60,133,57,BFS,c2,h1
"(10, 14)","(12, 17)","[(10, 14), (11, 14), (12, 14), (12, 15), (12, 16), (12, 17)]",57,133,57,BFS,c3,h1
"(10, 14)","(12, 17)","[(10, 14), (11, 14), (12, 14), (12, 15), (12, 16), (12, 17)]",57,133,57,BFS,c4,h1
"(3, 3)","(19, 21)","[(3, 3), (4, 3), (5, 3), (6, 3), (7, 3), (8, 3), (9, 3), (10, 3), (11, 3), (12, 3), (13, 3), (14, 3), (15, 3), (16, 3), (17, 3), (18, 3), (19, 3), (19, 4), (19, 5), (19, 6), (19, 7), (19, 8), (19, 9), (19, 10), (19, 11), (19, 12), (19, 13), (19, 14), (19, 15), (19, 16), (19, 17), (19, 18), (19, 19), (19, 20), (19, 21)]",340,1462,742,BFS,c1,h1
"(3, 3)","(19, 21)","[(3, 3), (4, 3), (5, 3), (6, 3), (7, 3), (8, 3), (9, 3), (10, 3), (11, 3), (12, 3), (13, 3), (14, 3), (15, 3), (16, 3), (17, 3), (18, 3), (19, 3), (19, 4), (19, 5), (19, 6), (19, 7), (19, 8), (19, 9), (19, 10), (19, 11), (19, 12), (19, 13), (19, 14), (19, 15), (19, 16), (19, 17), (19, 18), (19, 19), (19, 20), (19, 21)]",420,1462,742,BFS,c2,h1
"(3, 3)","(19, 21)","[(3, 3), (4, 3), (5, 3), (6, 3), (7, 3), (8, 3), (9, 3), (10, 3), (11, 3), (12, 3), (13, 3), (14, 3), (15, 3), (16, 3), (17, 3), (18, 3), (19, 3), (19, 4), (19, 5), (19, 6), (19, 7), (19, 8), (19, 9), (19, 10), (19, 11), (19, 12), (19, 13), (19, 14), (19, 15), (19, 16), (19, 17), (19, 18), (19, 19), (19, 20), (19, 21)]",380,1462,742,BFS,c3,h1
"(3, 3)","(19, 21)","[(3, 3), (4, 3), (5, 3), (6, 3), (7, 3), (8, 3), (9, 3), (10, 3), (11, 3), (12, 3), (13, 3), (14, 3), (15, 3), (16, 3), (17, 3), (18, 3), (19, 3), (19, 4), (19, 5), (19, 6), (19, 7), (19, 8), (19, 9), (19, 10), (19, 11), (19, 12), (19, 13), (19, 14), (19, 15), (19, 16), (19, 17), (19, 18), (19, 19), (19, 20), (19, 21)]",326,1462,742,BFS,c4,h1
"(16, 24)","(2, 24)","[(16, 24), (15, 24), (14, 24), (13, 24), (12, 24), (11, 24), (10, 24), (9, 24), (8, 24), (7, 24), (6, 24), (5, 24), (4, 24), (3, 24), (2, 24)]",140,665,317,BFS,c1,h1
"(16, 24)","(2, 24)","[(16, 24), (15, 24), (14, 24), (13, 24), (12, 24), (11, 24), (10, 24), (9, 24), (8, 24), (7, 24), (6, 24), (5, 24), (4, 24), (3, 24), (2, 24)]",210,665,317,BFS,c2,h1
"(16, 24)","(2, 24)","[(16, 24), (15, 24), (14, 24), (13, 24), (12, 24), (11, 24), (10, 24), (9, 24), (8, 24), (7, 24), (6, 24), (5, 24), (4, 24), (3, 24), (2, 24)]",171,665,317,BFS,c3,h1
"(16, 24)","(2, 24)","[(16, 24), (15, 24), (14, 24), (13, 24), (12, 24), (11, 24), (10, 24), (9, 24), (8, 24), (7, 24), (6, 24), (5, 24), (4, 24), (3, 24), (2, 24)]",125,665,317,BFS,c4,h1
"(19, 5)","(22, 22)","[(19, 5), (20, 5), (21, 5), (22, 5), (22, 6), (22, 7), (22, 8), (22, 9), (22, 10), (22, 11), (22, 12), (22, 13), (22, 14), (22, 15), (22, 16), (22, 17), (22, 18), (22, 19), (22, 20), (22, 21), (22, 22)]",200,1084,537,BFS,c1,h1
"(19, 5)","(22, 22)","[(19, 5), (20, 5), (21, 5), (22, 5), (22, 6), (22, 7), (22, 8), (22, 9), (22, 10), (22, 11), (22, 12), (22, 13), (22, 14), (22, 15), (22, 16), (22, 17), (22, 18), (22, 19), (22, 20), (22, 21), (22, 22)]",215,1084,537,BFS,c2,h1
"(19, 5)","(22, 22)","[(19, 5), (20, 5), (21, 5), (22, 5), (22, 6), (22, 7), (22, 8), (22, 9), (22, 10), (22, 11), (22, 12), (22, 13), (22, 14), (22, 15), (22, 16), (22, 17), (22, 18), (22, 19), (22, 20), (22, 21), (22, 22)]",209,1084,537,BFS,c3,h1
"(19, 5)","(22, 22)","[(19, 5), (20, 5), (21, 5), (22, 5), (22, 6), (22, 7), (22, 8), (22, 9), (22, 10), (22, 11), (22, 12), (22, 13), (22, 14), (22, 15), (22, 16), (22, 17), (22, 18), (22, 19), (22, 20), (22, 21), (22, 22)]",209,1084,537,BFS,c4,h1
"(7, 8)","(22, 12)","[(7, 8), (8, 8), (9, 8), (10, 8), (11, 8), (12, 8), (13, 8), (14, 8), (15, 8), (16, 8), (17, 8), (18, 8), (19, 8), (20, 8), (21, 8), (22, 8), (22, 9), (22, 10), (22, 11), (22, 12)]",190,980,483,BFS,c1,h1
"(7, 8)","(22, 12)","[(7, 8), (8, 8), (9, 8), (10, 8), (11, 8), (12, 8), (13, 8), (14, 8), (15, 8), (16, 8), (17, 8), (18, 8), (19, 8), (20, 8), (21, 8), (22, 8), (22, 9), (22, 10), (22, 11), (22, 12)]",265,980,483,BFS,c2,h1
"(7, 8)","(22, 12)","[(7, 8), (8, 8), (9, 8), (10, 8), (11, 8), (12, 8), (13, 8), (14, 8), (15, 8), (16, 8), (17, 8), (18, 8), (19, 8), (20, 8), (21, 8), (22, 8), (22, 9), (22, 10), (22, 11), (22, 12)]",225,980,483,BFS,c3,h1
"(7, 8)","(22, 12)","[(7, 8), (8, 8), (9, 8), (10, 8), (11, 8), (12, 8), (13, 8), (14, 8), (15, 8), (16, 8), (17, 8), (18, 8), (19, 8), (20, 8), (21, 8), (22, 8), (22, 9), (22, 10), (22, 11), (22, 12)]",175,980,483,BFS,c4,h1
"(1, 6)","(8, 13)","[(1, 6), (2, 6), (3, 6), (4, 6), (5, 6), (6, 6), (7, 6), (8, 6), (8, 7), (8, 8), (8, 9), (8, 10), (8, 11), (8, 12), (8, 13)]",140,409,202,BFS,c1,h1
"(1, 6)","(8, 13)","[(1, 6), (2, 6), (3, 6), (4, 6), (5, 6), (6, 6), (7, 6), (8, 6), (8, 7), (8, 8), (8, 9), (8, 10), (8, 11), (8, 12), (8, 13)]",175,409,202,BFS,c2,h1
"(1, 6)","(8, 13)","[(1, 6), (2, 6), (3, 6), (4, 6), (5, 6), (6, 6), (7, 6), (8, 6), (8, 7), (8, 8), (8, 9), (8, 10), (8, 11), (8, 12), (8, 13)]",153,409,202,BFS,c3,h1
"(1, 6)","(8, 13)","[(1, 6), (2, 6), (3, 6), (4, 6), (5, 6), (6, 6), (7, 6), (8, 6), (8, 7), (8, 8), (8, 9), (8, 10), (8, 11), (8, 12), (8, 13)]",147,409,202,BFS,c4,h1
"(1, 27)","(14, 25)","[(1, 27), (2, 27), (3, 27), (4, 27), (5, 27), (6, 27), (7, 27), (8, 27), (9, 27), (10, 27), (11, 27), (12, 27), (13, 27), (14, 27), (14, 26), (14, 25)]",150,365,181,BFS,c1,h1
"(1, 27)","(14, 25)","[(1, 27), (2, 27), (3, 27), (4, 27), (5, 27), (6, 27), (7, 27), (8, 27), (9, 27), (10, 27), (11, 27), (12, 27), (13, 27), (14, 27), (14, 26), (14, 25)]",215,365,181,BFS,c2,h1
"(1, 27)","(14, 25)","[(1, 27), (2, 27), (3, 27), (4, 27), (5, 27), (6, 27), (7, 27), (8, 27), (9, 27), (10, 27), (11, 27), (12, 27), (13, 27), (14, 27), (14, 26), (14, 25)]",178,365,181,BFS,c3,h1
"(1, 27)","(14, 25)","[(1, 27), (2, 27), (3, 27), (4, 27), (5, 27), (6, 27), (7, 27), (8, 27), (9, 27), (10, 27), (11, 27), (12, 27), (13, 27), (14, 27), (14, 26), (14, 25)]",136,365,181,BFS,c4,h1
"(16, 4)","(12, 10)","[(16, 4), (15, 4), (14, 4), (13, 4), (12, 4), (12, 5), (12, 6), (12, 7), (12, 8), (12, 9), (12, 10)]",100,355,167,BFS,c1,h1
"(16, 4)","(12, 10)","[(16, 4), (15, 4), (14, 4), (13, 4), (12, 4), (12, 5), (12, 6), (12, 7), (12, 8), (12, 9), (12, 10)]",120,355,167,BFS,c2,h1
"(16, 4)","(12, 10)","[(16, 4), (15, 4), (14, 4), (13, 4), (12, 4), (12, 5), (12, 6), (12, 7), (12, 8), (12, 9), (12, 10)]",110,355,167,BFS,c3,h1
"(16, 4)","(12, 10)","[(16, 4), (15, 4), (14, 4), (13, 4), (12, 4), (12, 5), (12, 6), (12, 7), (12, 8), (12, 9), (12, 10)]",110,355,167,BFS,c4,h1
"(22, 15)","(28, 17)","[(22, 15), (23, 15), (24, 15), (25, 15), (26, 15), (27, 15), (28, 15), (28, 16), (28, 17)]",80,296,133,BFS,c1,h1
"(22, 15)","(28, 17)","[(22, 15), (23, 15), (24, 15), (25, 15), (26, 15), (27, 15), (28, 15), (28, 16), (28, 17)]",110,296,133,BFS,c2,h1
"(22, 15)","(28, 17)","[(22, 15), (23, 15), (24, 15), (25, 15), (26, 15), (27, 15), (28, 15), (28, 16), (28, 17)]",91,296,133,BFS,c3,h1
"(22, 15)","(28, 17)","[(22, 15), (23, 15), (24, 15), (25, 15), (26, 15), (27, 15), (28, 15), (28, 16), (28, 17)]",89,296,133,BFS,c4,h1
"(13, 8)","(0, 6)","[(13, 8), (12, 8), (11, 8), (10, 8), (9, 8), (8, 8), (7, 8), (6, 8), (5, 8), (4, 8), (3, 8), (2, 8), (1, 8), (0, 8), (0, 7), (0, 6)]",150,804,385,BFS,c1,h1
"(13, 8)","(0, 6)","[(13, 8), (12, 8), (11, 8), (10, 8), (9, 8), (8, 8), (7, 8), (6, 8), (5, 8), (4, 8), (3, 8), (2, 8), (1, 8), (0, 8), (0, 7), (0, 6)]",215,804,385,BFS,c2,h1
"(13, 8)","(0, 6)","[(13, 8), (12, 8), (11, 8), (10, 8), (9, 8), (8, 8), (7, 8), (6, 8), (5, 8), (4, 8), (3, 8), (2, 8), (1, 8), (0, 8), (0, 7), (0, 6)]",178,804,385,BFS,c3,h1
"(13, 8)","(0, 6)","[(13, 8), (12, 8), (11, 8), (10, 8), (9, 8), (8, 8), (7, 8), (6, 8), (5, 8), (4, 8), (3, 8), (2, 8), (1, 8), (0, 8), (0, 7), (0, 6)]",136,804,385,BFS,c4,h1
"(23, 14)","(19, 16)","[(23, 14), (22, 14), (21, 14), (20, 14), (19, 14), (19, 15), (19, 16)]",60,154,66,BFS,c1,h1
"(23, 14)","(19, 16)","[(23, 14), (22, 14), (21, 14), (20, 14), (19, 14), (19, 15), (19, 16)]",80,154,66,BFS,c2,h1
"(23, 14)","(19, 16)","[(23, 14), (22, 14), (21, 14), (20, 14), (19, 14), (19, 15), (19, 16)]",70,154,66,BFS,c3,h1
"(23, 14)","(19, 16)","[(23, 14), (22, 14), (21, 14), (20, 14), (19, 14), (19, 15), (19, 16)]",70,154,66,BFS,c4,h1
"(28, 6)","(17, 11)","[(28, 6), (27, 6), (26, 6), (25, 6), (24, 6), (23, 6), (22, 6), (21, 6), (20, 6), (19, 6), (18, 6), (17, 6), (17, 7), (17, 8), (17, 9), (17, 10), (17, 11)]",160,534,263,BFS,c1,h1
"(28, 6)","(17, 11)","[(28, 6), (27, 6), (26, 6), (25, 6), (24, 6), (23, 6), (22, 6), (21, 6), (20, 6), (19, 6), (18, 6), (17, 6), (17, 7), (17, 8), (17, 9), (17, 10), (17, 11)]",215,534,263,BFS,c2,h1
"(28, 6)","(17, 11)","[(28, 6), (27, 6), (26, 6), (25, 6), (24, 6), (23, 6), (22, 6), (21, 6), (20, 6), (19, 6), (18, 6), (17, 6), (17, 7), (17, 8), (17, 9), (17, 10), (17, 11)]",185,534,263,BFS,c3,h1
"(28, 6)","(17, 11)","[(28, 6), (27, 6), (26, 6), (25, 6), (24, 6), (23, 6), (22, 6), (21, 6), (20, 6), (19, 6), (18, 6), (17, 6), (17, 7), (17, 8), (17, 9), (17, 10), (17, 11)]",151,534,263,BFS,c4,h1
"(17, 3)","(30, 0)","[(17, 3), (18, 3), (19, 3), (20, 3), (21, 3), (22, 3), (23, 3), (24, 3), (25, 3), (26, 3), (27, 3), (28, 3), (29, 3), (30, 3), (30, 2), (30, 1), (30, 0)]",160,723,353,BFS,c1,h1
"(17, 3)","(30, 0)","[(17, 3), (18, 3), (19, 3), (20, 3), (21, 3), (22, 3), (23, 3), (24, 3), (25, 3), (26, 3), (27, 3), (28, 3), (29, 3), (30, 3), (30, 2), (30, 1), (30, 0)]",225,723,353,BFS,c2,h1
"(17, 3)","(30, 0)","[(17, 3), (18, 3), (19, 3), (20, 3), (21, 3), (22, 3), (23, 3), (24, 3), (25, 3), (26, 3), (27, 3), (28, 3), (29, 3), (30, 3), (30, 2), (30, 1), (30, 0)]",188,723,353,BFS,c3,h1
"(17, 3)","(30, 0)","[(17, 3), (18, 3), (19, 3), (20, 3), (21, 3), (22, 3), (23, 3), (24, 3), (25, 3), (26, 3), (27, 3), (28, 3), (29, 3), (30, 3), (30, 2), (30, 1), (30, 0)]",146,723,353,BFS,c4,h1
"(29, 19)","(15, 17)","[(29, 19), (28, 19), (27, 19), (26, 19), (25, 19), (24, 19), (23, 19), (22, 19), (21, 19), (20, 19), (19, 19), (18, 19), (17, 19), (16, 19), (15, 19), (15, 18), (15, 17)]",160,564,276,BFS,c1,h1
"(29, 19)","(15, 17)","[(29, 19), (28, 19), (27, 19), (26, 19), (25, 19), (24, 19), (23, 19), (22, 19), (21, 19), (20, 19), (19, 19), (18, 19), (17, 19), (16, 19), (15, 19), (15, 18), (15, 17)]",230,564,276,BFS,c2,h1
"(29, 19)","(15, 17)","[(29, 19), (28, 19), (27, 19), (26, 19), (25, 19), (24, 19), (23, 19), (22, 19), (21, 19), (20, 19), (19, 19), (18, 19), (17, 19), (16, 19), (15, 19), (15, 18), (15, 17)]",191,564,276,BFS,c3,h1
"(29, 19)","(15, 17)","[(29, 19), (28, 19), (27, 19), (26, 19), (25, 19), (24, 19), (23, 19), (22, 19), (21, 19), (20, 19), (19, 19), (18, 19), (17, 19), (16, 19), (15, 19), (15, 18), (15, 17)]",145,564,276,BFS,c4,h1
"(4, 0)","(3, 9)","[(4, 0), (3, 0), (3, 1), (3, 2), (3, 3), (3, 4), (3, 5), (3, 6), (3, 7), (3, 8), (3, 9)]",100,180,89,BFS,c1,h1
"(4, 0)","(3, 9)","[(4, 0), (3, 0), (3, 1), (3, 2), (3, 3), (3, 4), (3, 5), (3, 6), (3, 7), (3, 8), (3, 9)]",105,180,89,BFS,c2,h1
"(4, 0)","(3, 9)","[(4, 0), (3, 0), (3, 1), (3, 2), (3, 3), (3, 4), (3, 5), (3, 6), (3, 7), (3, 8), (3, 9)]",104,180,89,BFS,c3,h1
"(4, 0)","(3, 9)","[(4, 0), (3, 0), (3, 1), (3, 2), (3, 3), (3, 4), (3, 5), (3, 6), (3, 7), (3, 8), (3, 9)]",104,180,89,BFS,c4,h1
"(6, 21)","(20, 9)","[(6, 21), (7, 21), (8, 21), (9, 21), (10, 21), (11, 21), (12, 21), (13, 21), (14, 21), (15, 21), (16, 21), (17, 21), (18, 21), (19, 21), (20, 21), (20, 20), (20, 19), (20, 18), (20, 17), (20, 16), (20, 15), (20, 14), (20, 13), (20, 12), (20, 11), (20, 10), (20, 9)]",260,1458,733,BFS,c1,h1
"(6, 21)","(20, 9)","[(6, 21), (7, 21), (8, 21), (9, 21), (10, 21), (11, 21), (12, 21), (13, 21), (14, 21), (15, 21), (16, 21), (17, 21), (18, 21), (19, 21), (20, 21), (20, 20), (20, 19), (20, 18), (20, 17), (20, 16), (20, 15), (20, 14), (20, 13), (20, 12), (20, 11), (20, 10), (20, 9)]",330,1458,733,BFS,c2,h1
"(6, 21)","(20, 9)","[(6, 21), (7, 21), (8, 21), (9, 21), (10, 21), (11, 21), (12, 21), (13, 21), (14, 21), (15, 21), (16, 21), (17, 21), (18, 21), (19, 21), (20, 21), (20, 20), (20, 19), (20, 18), (20, 17), (20, 16), (20, 15), (20, 14), (20, 13), (20, 12), (20, 11), (20, 10), (20, 9)]",291,1458,733,BFS,c3,h1
"(6, 21)","(20, 9)","[(6, 21), (7, 21), (8, 21), (9, 21), (10, 21), (11, 21), (12, 21), (13, 21), (14, 21), (15, 21), (16, 21), (17, 21), (18, 21), (19, 21), (20, 21), (20, 20), (20, 19), (20, 18), (20, 17), (20, 16), (20, 15), (20, 14), (20, 13), (20, 12), (20, 11), (20, 10), (20, 9)]",245,1458,733,BFS,c4,h1
"(2, 6)","(17, 20)","[(2, 6), (3, 6), (4, 6), (5, 6), (6, 6), (7, 6), (8, 6), (9, 6), (10, 6), (11, 6), (12, 6), (13, 6), (14, 6), (15, 6), (16, 6), (17, 6), (17, 7), (17, 8), (17, 9), (17, 10), (17, 11), (17, 12), (17, 13), (17, 14), (17, 15), (17, 16), (17, 17), (17, 18), (17, 19), (17, 20)]",290,1314,660,BFS,c1,h1
"(2, 6)","(17, 20)","[(2, 6), (3, 6), (4, 6), (5, 6), (6, 6), (7, 6), (8, 6), (9, 6), (10, 6), (11, 6), (12, 6), (13, 6), (14, 6), (15, 6), (16, 6), (17, 6), (17, 7), (17, 8), (17, 9), (17, 10), (17, 11), (17, 12), (17, 13), (17, 14), (17, 15), (17, 16), (17, 17), (17, 18), (17, 19), (17, 20)]",365,1314,660,BFS,c2,h1
"(2, 6)","(17, 20)","[(2, 6), (3, 6), (4, 6), (5, 6), (6, 6), (7, 6), (8, 6), (9, 6), (10, 6), (11, 6), (12, 6), (13, 6), (14, 6), (15, 6), (16, 6), (17, 6), (17, 7), (17, 8), (17, 9), (17, 10), (17, 11), (17, 12), (17, 13), (17, 14), (17, 15), (17, 16), (17, 17), (17, 18), (17, 19), (17, 20)]",325,1314,660,BFS,c3,h1
"(2, 6)","(17, 20)","[(2, 6), (3, 6), (4, 6), (5, 6), (6, 6), (7, 6), (8, 6), (9, 6), (10, 6), (11, 6), (12, 6), (13, 6), (14, 6), (15, 6), (16, 6), (17, 6), (17, 7), (17, 8), (17, 9), (17, 10), (17, 11), (17, 12), (17, 13), (17, 14), (17, 15), (17, 16), (17, 17), (17, 18), (17, 19), (17, 20)]",275,1314,660,BFS,c4,h1
"(30, 4)","(25, 8)","[(30, 4), (29, 4), (28, 4), (27, 4), (26, 4), (25, 4), (25, 5), (25, 6), (25, 7), (25, 8)]",90,163,80,BFS,c1,h1
"(30, 4)","(25, 8)","[(30, 4), (29, 4), (28, 4), (27, 4), (26, 4), (25, 4), (25, 5), (25, 6), (25, 7), (25, 8)]",115,163,80,BFS,c2,h1
"(30, 4)","(25, 8)","[(30, 4), (29, 4), (28, 4), (27, 4), (26, 4), (25, 4), (25, 5), (25, 6), (25, 7), (25, 8)]",100,163,80,BFS,c3,h1
"(30, 4)","(25, 8)","[(30, 4), (29, 4), (28, 4), (27, 4), (26, 4), (25, 4), (25, 5), (25, 6), (25, 7), (25, 8)]",100,163,80,BFS,c4,h1
"(4, 22)","(25, 30)","[(4, 22), (5, 22), (6, 22), (7, 22), (8, 22), (9, 22), (10, 22), (11, 22), (12, 22), (13, 22), (14, 22), (15, 22), (16, 22), (17, 22), (18, 22), (19, 22), (20, 22), (21, 22), (22, 22), (23, 22), (24, 22), (25, 22), (25, 23), (25, 24), (25, 25), (25, 26), (25, 27), (25, 28), (25, 29), (25, 30)]",290,1471,742,BFS,c1,h1
"(4, 22)","(25, 30)","[(4, 22), (5, 22), (6, 22), (7, 22), (8, 22), (9, 22), (10, 22), (11, 22), (12, 22), (13, 22), (14, 22), (15, 22), (16, 22), (17, 22), (18, 22), (19, 22), (20, 22), (21, 22), (22, 22), (23, 22), (24, 22), (25, 22), (25, 23), (25, 24), (25, 25), (25, 26), (25, 27), (25, 28), (25, 29), (25, 30)]",395,1471,742,BFS,c2,h1
"(4, 22)","(25, 30)","[(4, 22), (5, 22), (6, 22), (7, 22), (8, 22), (9, 22), (10, 22), (11, 22), (12, 22), (13, 22), (14, 22), (15, 22), (16, 22), (17, 22), (18, 22), (19, 22), (20, 22), (21, 22), (22, 22), (23, 22), (24, 22), (25, 22), (25, 23), (25, 24), (25, 25), (25, 26), (25, 27), (25, 28), (25, 29), (25, 30)]",340,1471,742,BFS,c3,h1
"(4, 22)","(25, 30)","[(4, 22), (5, 22), (6, 22), (7, 22), (8, 22), (9, 22), (10, 22), (11, 22), (12, 22), (13, 22), (14, 22), (15, 22), (16, 22), (17, 22), (18, 22), (19, 22), (20, 22), (21, 22), (22, 22), (23, 22), (24, 22), (25, 22), (25, 23), (25, 24), (25, 25), (25, 26), (25, 27), (25, 28), (25, 29), (25, 30)]",285,1471,742,BFS,c4,h1
"(3, 10)","(12, 15)","[(3, 10), (4, 10), (5, 10), (6, 10), (7, 10), (8, 10), (9, 10), (10, 10), (11, 10), (12, 10), (12, 11), (12, 12), (12, 13), (12, 14), (12, 15)]",140,552,270,BFS,c1,h1
"(3, 10)","(12, 15)","[(3, 10), (4, 10), (5, 10), (6, 10), (7, 10), (8, 10), (9, 10), (10, 10), (11, 10), (12, 10), (12, 11), (12, 12), (12, 13), (12, 14), (12, 15)]",185,552,270,BFS,c2,h1
"(3, 10)","(12, 15)","[(3, 10), (4, 10), (5, 10), (6, 10), (7, 10), (8, 10), (9, 10), (10, 10), (11, 10), (12, 10), (12, 11), (12, 12), (12, 13), (12, 14), (12, 15)]",160,552,270,BFS,c3,h1
"(3, 10)","(12, 15)","[(3, 10), (4, 10), (5, 10), (6, 10), (7, 10), (8, 10), (9, 10), (10, 10), (11, 10), (12, 10), (12, 11), (12, 12), (12, 13), (12, 14), (12, 15)]",140,552,270,BFS,c4,h1
"(2, 25)","(2, 12)","[(2, 25), (2, 24), (2, 23), (2, 22), (2, 21), (2, 20), (2, 19), (2, 18), (2, 17), (2, 16), (2, 15), (2, 14), (2, 13), (2, 12)]",130,395,195,BFS,c1,h1
"(2, 25)","(2, 12)","[(2, 25), (2, 24), (2, 23), (2, 22), (2, 21), (2, 20), (2, 19), (2, 18), (2, 17), (2, 16), (2, 15), (2, 14), (2, 13), (2, 12)]",130,395,195,BFS,c2,h1
"(2, 25)","(2, 12)","[(2, 25), (2, 24), (2, 23), (2, 22), (2, 21), (2, 20), (2, 19), (2, 18), (2, 17), (2, 16), (2, 15), (2, 14), (2, 13), (2, 12)]",130,395,195,BFS,c3,h1
"(2, 25)","(2, 12)","[(2, 25), (2, 24), (2, 23), (2, 22), (2, 21), (2, 20), (2, 19), (2, 18), (2, 17), (2, 16), (2, 15), (2, 14), (2, 13), (2, 12)]",130,395,195,BFS,c4,h1
"(28, 7)","(20, 15)","[(28, 7), (27, 7), (26, 7), (25, 7), (24, 7), (23, 7), (22, 7), (21, 7), (20, 7), (20, 8), (20, 9), (20, 10), (20, 11), (20, 12), (20, 13), (20, 14), (20, 15)]",160,566,279,BFS,c1,h1
"(28, 7)","(20, 15)","[(28, 7), (27, 7), (26, 7), (25, 7), (24, 7), (23, 7), (22, 7), (21, 7), (20, 7), (20, 8), (20, 9), (20, 10), (20, 11), (20, 12), (20, 13), (20, 14), (20, 15)]",200,566,279,BFS,c2,h1
"(28, 7)","(20, 15)","[(28, 7), (27, 7), (26, 7), (25, 7), (24, 7), (23, 7), (22, 7), (21, 7), (20, 7), (20, 8), (20, 9), (20, 10), (20, 11), (20, 12), (20, 13), (20, 14), (20, 15)]",176,566,279,BFS,c3,h1
"(28, 7)","(20, 15)","[(28, 7), (27, 7), (26, 7), (25, 7), (24, 7), (23, 7), (22, 7), (21, 7), (20, 7), (20, 8), (20, 9), (20, 10), (20, 11), (20, 12), (20, 13), (20, 14), (20, 15)]",164,566,279,BFS,c4,h1
"(30, 27)","(22, 9)","[(30, 27), (29, 27), (28, 27), (27, 27), (26, 27), (25, 27), (24, 27), (23, 27), (22, 27), (22, 26), (22, 25), (22, 24), (22, 23), (22, 22), (22, 21), (22, 20), (22, 19), (22, 18), (22, 17), (22, 16), (22, 15), (22, 14), (22, 13), (22, 12), (22, 11), (22, 10), (22, 9)]",260,892,445,BFS,c1,h1
"(30, 27)","(22, 9)","[(30, 27), (29, 27), (28, 27), (27, 27), (26, 27), (25, 27), (24, 27), (23, 27), (22, 27), (22, 26), (22, 25), (22, 24), (22, 23), (22, 22), (22, 21), (22, 20), (22, 19), (22, 18), (22, 17), (22, 16), (22, 15), (22, 14), (22, 13), (22, 12), (22, 11), (22, 10), (22, 9)]",300,892,445,BFS,c2,h1
"(30, 27)","(22, 9)","[(30, 27), (29, 27), (28, 27), (27, 27), (26, 27), (25, 27), (24, 27), (23, 27), (22, 27), (22, 26), (22, 25), (22, 24), (22, 23), (22, 22), (22, 21), (22, 20), (22, 19), (22, 18), (22, 17), (22, 16), (22, 15), (22, 14), (22, 13), (22, 12), (22, 11), (22, 10), (22, 9)]",276,892,445,BFS,c3,h1
"(30, 27)","(22, 9)","[(30, 27), (29, 27), (28, 27), (27, 27), (26, 27), (25, 27), (24, 27), (23, 27), (22, 27), (22, 26), (22, 25), (22, 24), (22, 23), (22, 22), (22, 21), (22, 20), (22, 19), (22, 18), (22, 17), (22, 16), (22, 15), (22, 14), (22, 13), (22, 12), (22, 11), (22, 10), (22, 9)]",264,892,445,BFS,c4,h1
"(13, 15)","(6, 20)","[(13, 15), (12, 15), (11, 15), (10, 15), (9, 15), (8, 15), (7, 15), (6, 15), (6, 16), (6, 17), (6, 18), (6, 19), (6, 20)]",120,598,276,BFS,c1,h1
"(13, 15)","(6, 20)","[(13, 15), (12, 15), (11, 15), (10, 15), (9, 15), (8, 15), (7, 15), (6, 15), (6, 16), (6, 17), (6, 18), (6, 19), (6, 20)]",155,598,276,BFS,c2,h1
"(13, 15)","(6, 20)","[(13, 15), (12, 15), (11, 15), (10, 15), (9, 15), (8, 15), (7, 15), (6, 15), (6, 16), (6, 17), (6, 18), (6, 19), (6, 20)]",133,598,276,BFS,c3,h1
"(13, 15)","(6, 20)","[(13, 15), (12, 15), (11, 15), (10, 15), (9, 15), (8, 15), (7, 15), (6, 15), (6, 16), (6, 17), (6, 18), (6, 19), (6, 20)]",127,598,276,BFS,c4,h1
"(6, 11)","(30, 23)","[(6, 11), (7, 11), (8, 11), (9, 11), (10, 11), (11, 11), (12, 11), (13, 11), (14, 11), (15, 11), (16, 11), (17, 11), (18, 11), (19, 11), (20, 11), (21, 11), (22, 11), (23, 11), (24, 11), (25, 11), (26, 11), (27, 11), (28, 11), (29, 11), (30, 11), (30, 12), (30, 13), (30, 14), (30, 15), (30, 16), (30, 17), (30, 18), (30, 19), (30, 20), (30, 21), (30, 22), (30, 23)]",360,1805,926,BFS,c1,h1
"(6, 11)","(30, 23)","[(6, 11), (7, 11), (8, 11), (9, 11), (10, 11), (11, 11), (12, 11), (13, 11), (14, 11), (15, 11), (16, 11), (17, 11), (18, 11), (19, 11), (20, 11), (21, 11), (22, 11), (23, 11), (24, 11), (25, 11), (26, 11), (27, 11), (28, 11), (29, 11), (30, 11), (30, 12), (30, 13), (30, 14), (30, 15), (30, 16), (30, 17), (30, 18), (30, 19), (30, 20), (30, 21), (30, 22), (30, 23)]",480,1805,926,BFS,c2,h1
"(6, 11)","(30, 23)","[(6, 11), (7, 11), (8, 11), (9, 11), (10, 11), (11, 11), (12, 11), (13, 11), (14, 11), (15, 11), (16, 11), (17, 11), (18, 11), (19, 11), (20, 11), (21, 11), (22, 11), (23, 11), (24, 11), (25, 11), (26, 11), (27, 11), (28, 11), (29, 11), (30, 11), (30, 12), (30, 13), (30, 14), (30, 15), (30, 16), (30, 17), (30, 18), (30, 19), (30, 20), (30, 21), (30, 22), (30, 23)]",416,1805,926,BFS,c3,h1
"(6, 11)","(30, 23)","[(6, 11), (7, 11), (8, 11), (9, 11), (10, 11), (11, 11), (12, 11), (13, 11), (14, 11), (15, 11), (16, 11), (17, 11), (18, 11), (19, 11), (20, 11), (21, 11), (22, 11), (23, 11), (24, 11), (25, 11), (26, 11), (27, 11), (28, 11), (29, 11), (30, 11), (30, 12), (30, 13), (30, 14), (30, 15), (30, 16), (30, 17), (30, 18), (30, 19), (30, 20), (30, 21), (30, 22), (30, 23)]",346,1805,926,BFS,c4,h1
"(28, 10)","(13, 15)","[(28, 10), (27, 10), (26, 10), (25, 10), (24, 10), (23, 10), (22, 10), (21, 10), (20, 10), (19, 10), (18, 10), (17, 10), (16, 10), (15, 10), (14, 10), (13, 10), (13, 11), (13, 12), (13, 13), (13, 14), (13, 15)]",200,858,423,BFS,c1,h1
"(28, 10)","(13, 15)","[(28, 10), (27, 10), (26, 10), (25, 10), (24, 10), (23, 10), (22, 10), (21, 10), (20, 10), (19, 10), (18, 10), (17, 10), (16, 10), (15, 10), (14, 10), (13, 10), (13, 11), (13, 12), (13, 13), (13, 14), (13, 15)]",275,858,423,BFS,c2,h1
"(28, 10)","(13, 15)","[(28, 10), (27, 10), (26, 10), (25, 10), (24, 10), (23, 10), (22, 10), (21, 10), (20, 10), (19, 10), (18, 10), (17, 10), (16, 10), (15, 10), (14, 10), (13, 10), (13, 11), (13, 12), (13, 13), (13, 14), (13, 15)]",235,858,423,BFS,c3,h1
"(28, 10)","(13, 15)","[(28, 10), (27, 10), (26, 10), (25, 10), (24, 10), (23, 10), (22, 10), (21, 10), (20, 10), (19, 10), (18, 10), (17, 10), (16, 10), (15, 10), (14, 10), (13, 10), (13, 11), (13, 12), (13, 13), (13, 14), (13, 15)]",185,858,423,BFS,c4,h1
"(23, 4)","(22, 26)","[(23, 4), (22, 4), (22, 5), (22, 6), (22, 7), (22, 8), (22, 9), (22, 10), (22, 11), (22, 12), (22, 13), (22, 14), (22, 15), (22, 16), (22, 17), (22, 18), (22, 19), (22, 20), (22, 21), (22, 22), (22, 23), (22, 24), (22, 25), (22, 26)]",230,1101,546,BFS,c1,h1
"(23, 4)","(22, 26)","[(23, 4), (22, 4), (22, 5), (22, 6), (22, 7), (22, 8), (22, 9), (22, 10), (22, 11), (22, 12), (22, 13), (22, 14), (22, 15), (22, 16), (22, 17), (22, 18), (22, 19), (22, 20), (22, 21), (22, 22), (22, 23), (22, 24), (22, 25), (22, 26)]",235,1101,546,BFS,c2,h1
"(23, 4)","(22, 26)","[(23, 4), (22, 4), (22, 5), (22, 6), (22, 7), (22, 8), (22, 9), (22, 10), (22, 11), (22, 12), (22, 13), (22, 14), (22, 15), (22, 16), (22, 17), (22, 18), (22, 19), (22, 20), (22, 21), (22, 22), (22, 23), (22, 24), (22, 25), (22, 26)]",234,1101,546,BFS,c3,h1
"(23, 4)","(22, 26)","[(23, 4), (22, 4), (22, 5), (22, 6), (22, 7), (22, 8), (22, 9), (22, 10), (22, 11), (22, 12), (22, 13), (22, 14), (22, 15), (22, 16), (22, 17), (22, 18), (22, 19), (22, 20), (22, 21), (22, 22), (22, 23), (22, 24), (22, 25), (22, 26)]",234,1101,546,BFS,c4,h1
